<beans xmlns="http://www.springframework.org/schema/beans"
    xmlns:mvc="http://www.springframework.org/schema/mvc"
	xmlns:context="http://www.springframework.org/schema/context"
	xmlns:xsi="http://www.w3.org/2001/XMLSchema-instance"
	xsi:schemaLocation="
        http://www.springframework.org/schema/beans     
        http://www.springframework.org/schema/beans/spring-beans.xsd
        http://www.springframework.org/schema/mvc 
        http://www.springframework.org/schema/mvc/spring-mvc.xsd
        http://www.springframework.org/schema/context 
        http://www.springframework.org/schema/context/spring-context.xsd">
	<import resource="classpath:scsp/config/user-beans.xml" />
	<context:component-scan base-package="com.scsp.controller" />
<!-- JSON Support -->
    <bean name="viewResolver" class="org.springframework.web.servlet.view.BeanNameViewResolver"/>
    <bean name="jsonTemplate" class="org.springframework.web.servlet.view.json.MappingJackson2JsonView"/>
    
	<context:component-scan base-package="com.scsp" />
	<context:annotation-config />

	<bean
		class="org.springframework.web.servlet.view.InternalResourceViewResolver">
		<property name="prefix" value="/jsp/" />
		<property name="suffix" value=".jsp" />
	</bean>
<!-- 	<bean -->
<!-- 		class="org.springframework.web.servlet.view.InternalResourceViewResolver"> -->
<!-- 		<property name="prefix"> -->
<!-- 			<value>/WEB-INF/pages/</value> -->
<!-- 		</property> -->
<!-- 		<property name="suffix"> -->
<!-- 			<value>.jsp</value> -->
<!-- 		</property> -->
<!-- 	</bean> -->

	<mvc:resources mapping="/resources/**" location="/resources/theme1/"  cache-period="31556926"/>
	<!-- 
	<mvc:resources mapping="/resources/**" location="/WEB-INF/mytheme1/" />
 	-->
 
	<mvc:annotation-driven />
	
</beans>