<?xml version="1.0" encoding="UTF-8"?>
<beans xmlns="http://www.springframework.org/schema/beans"
	xmlns:context="http://www.springframework.org/schema/context"
	xmlns:xsi="http://www.w3.org/2001/XMLSchema-instance"
	xsi:schemaLocation="
   http://www.springframework.org/schema/beans
   http://www.springframework.org/schema/beans/spring-beans-3.0.xsd
   http://www.springframework.org/schema/context
   http://www.springframework.org/schema/context/spring-context-3.0.xsd">

	<context:component-scan base-package="com.scsp" />
	<context:annotation-config />

	<bean id="userService" class="com.scsp.service.UserServiceImpl" />
	<bean id="userDao" class="com.scsp.dao.UserDaoImpl" />

	<bean id="jdbcTemplate" class="org.springframework.jdbc.core.JdbcTemplate">
		<property name="dataSource" ref="datasource" />
	</bean>

	<bean id="datasource"
		class="org.springframework.jdbc.datasource.DriverManagerDataSource">
		<property name="driverClassName" value="com.mysql.jdbc.Driver" />
		<property name="url" value="" />
		<property name="username" value="" />
		<property name="password" value="" />
	</bean>


<!-- <bean id="emailNotificationServiceSuggestPodcast" class="com.scsp.email.EmailNotificationServiceImpl"> -->
<!--   <property name="mailSender" ref="mailSender"/> -->
<!--   <property name="velocityEngine" ref="velocityEngine"/> -->
<!-- </bean> -->

</beans>
